USE EventPlannerDB;
GO

INSERT INTO Users (FirstName, LastName, Email)
VALUES
    ('Ahmed','Campbell','tristique.pellentesque.tellus@icloud.edu'),
    ('Constance','Bartlett','purus.maecenas@outlook.edu'),
    ('Mannix','Booker','purus@google.net'),
    ('Slade','Roberson','magnis@google.ca'),
    ('Dante','Cooper','convallis.est.vitae@yahoo.edu'),
    ('Rowan','Sweet','elit.elit@google.org'),
    ('Amir','Mathews','in.mi@google.com'),
    ('Raymond','Yang','turpis@protonmail.ca'),
    ('Brenden','Oneil','ac.fermentum.vel@yahoo.edu'),
    ('Quinn','Goodman','mi.felis@icloud.com'),
    ('Iris','Gates','ac.turpis.egestas@protonmail.ca'),
    ('Aurora','Compton','adipiscing.non@google.com'),
    ('Colorado','Gates','suspendisse.commodo@google.org'),
    ('Victor','Calderon','dictum@hotmail.com'),
    ('Gisela','Finch','natoque.penatibus.et@icloud.couk'),
    ('Sonia','Hogan','sem.vitae@google.edu'),
    ('Faith','Andrews','lacinia.orci@yahoo.couk'),
    ('Raven','Savage','ridiculus.mus@yahoo.org'),
    ('Jerry','Park','donec.vitae@google.net'),
    ('Cadman','Solomon','magna.ut.tincidunt@icloud.com'),
    ('Rhonda','Johns','natoque.penatibus@protonmail.ca'),
    ('Chelsea','Leblanc','egestas.sed@icloud.ca'),
    ('Yoshio','Gould','magnis.dis.parturient@yahoo.org'),
    ('Blythe','Walton','interdum.libero@google.net'),
    ('Lewis','Hendricks','enim.non@hotmail.org'),
    ('Hayden','Compton','ut.nulla@google.ca'),
    ('Keane','Hogan','sapien.gravida.non@hotmail.org'),
    ('Joy','Gonzalez','malesuada.ut@google.couk'),
    ('Akeem','Vang','posuere.cubilia.curae@hotmail.com'),
    ('Candice','Russell','erat@outlook.org'),
    ('Dane','Rhodes','lectus.justo@hotmail.org'),
    ('Cruz','Booth','eu.lacus.quisque@google.net'),
    ('Courtney','Bishop','fusce.mollis.duis@google.edu'),
    ('Keiko','Valencia','eget.venenatis@google.edu'),
    ('Dominic','Hunt','cras.eget@google.net'),
    ('Denton','Stein','massa.lobortis.ultrices@outlook.ca'),
    ('Vincent','Rowland','felis@protonmail.edu'),
    ('Castor','Blake','ornare@yahoo.couk'),
    ('Britanney','Bryant','est.ac@icloud.edu'),
    ('Unity','Lawson','vulputate@hotmail.ca'),
    ('Sarah','Webster','odio@yahoo.edu'),
    ('Sierra','Riley','urna@google.net'),
    ('Kaseem','Walter','lacus@yahoo.org'),
    ('Nora','Guerra','lobortis.mauris.suspendisse@outlook.com'),
    ('Yoshio','Drake','quam.dignissim@outlook.edu'),
    ('Hilda','Wagner','curabitur.consequat@aol.couk'),
    ('Scarlet','Guerra','sagittis.felis.donec@icloud.edu'),
    ('Amos','Kent','adipiscing.mauris@aol.com'),
    ('Wynter','Lara','nec.urna@yahoo.ca'),
    ('Curran','Trevino','sed.pede.nec@yahoo.org'),
    ('Jade','Evans','lobortis.quam@google.net'),
    ('Leila','Lott','hendrerit.neque.in@outlook.net'),
    ('Quintessa','Trevino','tincidunt@aol.ca'),
    ('Phyllis','Knight','gravida.sagittis.duis@protonmail.com'),
    ('Josephine','Herring','nulla.integer@protonmail.org'),
    ('Bevis','Davis','sit@yahoo.com'),
    ('Sydney','Ingram','quisque.tincidunt.pede@hotmail.com'),
    ('Noelani','Harmon','nec@hotmail.edu'),
    ('Uriah','Saunders','quisque.varius@google.com'),
    ('Keane','Becker','donec.tincidunt@outlook.ca'),
    ('Gareth','Hester','purus@protonmail.org'),
    ('Rebecca','Young','tellus.id.nunc@yahoo.couk'),
    ('Fredericka','Maxwell','nullam.velit@protonmail.net'),
    ('Barry','Day','lectus@aol.edu'),
    ('Keefe','Harmon','eu.dui.cum@yahoo.edu'),
    ('Karen','Small','sed.leo@icloud.ca'),
    ('Alvin','Schroeder','aliquam.auctor@hotmail.com'),
    ('Grant','French','nostra@outlook.com'),
    ('Nichole','Gill','dictum.magna.ut@yahoo.couk'),
    ('Ora','Finley','mauris.molestie@google.ca'),
    ('Martha','Summers','interdum@aol.ca'),
    ('Basia','Dunlap','consequat.purus.maecenas@aol.net'),
    ('Cullen','Blankenship','sit.amet@yahoo.couk'),
    ('Sharon','Rollins','ipsum.primis.in@google.edu'),
    ('Brianna','Mathis','amet@yahoo.org'),
    ('Demetria','Herrera','lacinia.orci@hotmail.net'),
    ('Mari','Haley','quam.elementum@aol.couk'),
    ('Ariana','Pierce','malesuada.malesuada@aol.org'),
    ('Ria','Rice','justo.sit@protonmail.net'),
    ('Jaden','Carlson','nullam.nisl@icloud.ca'),
    ('Kennan','Lowery','pellentesque.sed@icloud.ca'),
    ('Charlotte','Garrett','urna@aol.edu'),
    ('Deanna','Maldonado','vivamus.rhoncus@google.edu'),
    ('Keith','Anderson','nibh.lacinia@hotmail.com'),
    ('Aline','Nieves','enim.etiam.imperdiet@outlook.edu'),
    ('Hadassah','Osborne','in.mi.pede@protonmail.com'),
    ('Jin','Dillon','ut.molestie@yahoo.net'),
    ('Oren','Clements','dolor@protonmail.net'),
    ('Quentin','Mcdowell','quam.a.felis@yahoo.com'),
    ('September','Chaney','per.conubia@yahoo.edu'),
    ('Dustin','Hines','ac.tellus@icloud.net'),
    ('Hakeem','Kelley','augue.id@hotmail.couk'),
    ('Malcolm','Hurst','amet.diam.eu@hotmail.net'),
    ('Olivia','Hayes','lorem.luctus@outlook.net'),
    ('Armando','Wilder','aliquam@yahoo.couk'),
    ('Alisa','Chen','scelerisque@hotmail.edu'),
    ('Lucius','Cruz','sagittis.augue.eu@outlook.edu'),
    ('Risa','Harrington','tincidunt.pede@hotmail.couk'),
    ('Hanae','Parsons','pretium.neque@aol.net'),
    ('Glenna','Gilliam','feugiat@hotmail.com');
GO

INSERT INTO RecurringEvents (RecurringId, RecurringDesc)
VALUES
    ('D','Daily'),
    ('W','Weekly'),
    ('M','Monthly'),
    ('Y','Yearly'),
    ('N','None');
GO

INSERT INTO Event (UserID, RecurringID, StartDate, EndDate, EventName, StartTime, EndTime, EventDesc, isFullDay)
VALUES
    ( 6, 'N', '2022-04-19', '2022-04-19','Presentation','09:00', '10:00', 'A presentation on LO', 0),
    ( 1, 'D','2022-04-19', '2022-04-19', 'Stadup', '08:00', '08:30', 'Give a brief discription on what you did', 0),
    ( 50, 'Y', '2022-11-30', '2022-11-30', 'Conference', '08:00', '17:00', 'RealWorld',1),
    ( 18, 'N', '2022-05-24', '2022-05-24', 'Lungi''s Birthday', '00:00', '23:59', 'Make sure you get a gift', 1),
    ( 5, 'N', '2022-05-16', '2022-05-20', 'Vacation Time', '08:00', '17:00', 'Out of office wont able to respond to emails', 1),
	( 74, 'Y','2022-04-15', '2022-04-15', 'Good Friday', '00:00', '23:59', 'Get Easter eggs', 1),
	( 63, 'Y','2022-10-16', '2022-10-16', 'Anniversary', '12:00', '17:00', 'It''s Calebs anniversay celebration be there', 0),
	( 24, 'M', '2022-07-29', '2022-07-29', 'Interview', '13:00', '15:00', 'Radio interview on how to reach your goals', 0),
	( 82, 'D', '2022-02-10', '2022-02-10', 'Dance class', '17:00', '19:00', 'Become a better dancer', 0),
	( 61, 'N','2022-06-18', '2022-06-18', 'Research proposal due', '08:00', '23:00', 'Use this day to check errors', 1),
	( 10, 'M', '2022-01-05', '2022-01-05', 'Reviews', '09:00', '11:00', 'Code reviews', 0),
	( 95, 'W','2022-03-05', '2022-03-05', 'TechTalks', '13:00', '13:30', 'Do your research and prepare slides', 0),
	( 87, 'M', '2022-02-10', '2022-02-10', 'Dr''s appointment', '09:00', '10:00', 'Are you still healthy? Do your checkups', 0),
	( 71, 'N', '2022-04-25', '2022-04-29', 'Training', '08:00', '17:00', 'Orientation on new features', 1),
	( 3, 'D', '2022-03-5', '2022-03-05', 'Gym', '05:00', '07:00', 'A healthy body is a healthy mind', 0),
	( 86, 'Y', '2022-04-19', '2022-04-19', 'Halloween', '00:00', '23:59', 'Get a super scary costume', 1),
	( 47, 'N', '2022-06-10', '2022-06-10', 'Exam', '10:00', '12:00', 'AWS Certified Cloud Practitioner exam', 0),
	( 69, 'W', '2022-01-18', '2022-01-18', 'Presentations', '12:00', '13:00', 'Knowledge share', 0),
	( 22, 'D', '2022-04-02', '2022-04-02', 'Studying', '20:00', '23:00', 'Learn something new', 0),
	( 13, 'N', '2022-07-08', '2022-07-08', 'Marvel''s release', '00:00', '23:59', 'Thor Love And Thunder ', 1);
GO